gene_symbol	geneID	KO5_vs_KO4_dtu_log2fold	KO5_vs_KO4_dtu_gene_padj	dtu_KO4_mean	dtu_KO5_mean	transcript_id	KO5_vs_KO4_exon_gene_padj	KO5_vs_KO4_deg_log2fold	KO5_vs_KO4_deg_pval
Inpp4a	ENSMUSG00000026113	2.7058592002614863	0.015237285170813538	2.2465185911972108	0.34432236580216	ENSMUST00000027287.10	0.00596048841557422	-2.1242462305326413	4.4861026844693774e-7
Tbc1d8	ENSMUSG00000003134	1.4720155537759332	0.015444190852059116	8.007066255640385	2.886373884099659	ENSMUST00000054462.10	0.00365625579519014	-1.3469087379849851	8.072649634790095e-9
Tbc1d8	ENSMUSG00000003134	3.576797112665198	0.015444190852059116	1.1972016456047316	0.10033306648339688	ENSMUST00000192099.1	0.00365625579519014	-1.3469087379849851	8.072649634790095e-9
Il1r2	ENSMUSG00000026073	6.1784099996434065	3.599599037108606e-15	13.21775516110444	0.1825034033095716	ENSMUST00000027243.12	0.0231170027909199	-4.657790118234964	3.439143179972753e-8
Il18rap	ENSMUSG00000026068	2.726565740724569	0	5.68893642827871	0.8595141041431588	ENSMUST00000027237.11	5.0396709661514e-4	-2.8084409993295436	9.299840195824377e-9
Inpp1	ENSMUSG00000026102	1.827225589491891	0.02804495607217776	3.171829738873427	0.893840760839018	ENSMUST00000177279.7	0.0407632154275908	-1.5283829499069326	6.506842036195203e-5
Lrrfip1	ENSMUSG00000026305	2.914162237711902	3.599599037108606e-15	1.2519661046725048	0.16608955645278076	ENSMUST00000068116.12	0.00207466740553863	-1.418713359901898	1.2775170028529678e-8
Lrrfip1	ENSMUSG00000026305	1.3931941656611082	3.599599037108606e-15	13.065215198873354	4.97420103800987	ENSMUST00000097649.9	0.00207466740553863	-1.418713359901898	1.2775170028529678e-8
AA986860	ENSMUSG00000042510	-1.1396551088738878	0.04574367044047651	1.0498406111657428	2.3130964449382767	ENSMUST00000039323.7	0.00896116947567037	1.1612869370977197	5.643452621145354e-5
Ikbke	ENSMUSG00000042349	1.236739561888635	0.016483899372281226	5.916314812768322	2.5104730883821453	ENSMUST00000062108.9	1.1652642078525e-4	-1.1901650831316393	1.7014181082780387e-6
Ptprc	ENSMUSG00000026395	2.0610662704286034	0	8.788609655410367	2.1060923242911285	ENSMUST00000182283.7	0.0159415962326292	-2.491925791797926	1.1666135534422761e-11
Ptprc	ENSMUSG00000026395	2.567205785998078	0	1.020296503810993	0.17215532154528942	ENSMUST00000183301.7	0.0159415962326292	-2.491925791797926	1.1666135534422761e-11
Ptprc	ENSMUSG00000026395	3.225505520263946	0	10.871912345118758	1.1623369111128372	ENSMUST00000182755.7	0.0159415962326292	-2.491925791797926	1.1666135534422761e-11
Ptprc	ENSMUSG00000026395	1.6199687200214277	0	1.483013055874435	0.4824872014391335	ENSMUST00000195533.5	0.0159415962326292	-2.491925791797926	1.1666135534422761e-11
Olfml2b	ENSMUSG00000038463	5.711343776450933	0	9.081272412247792	0.17332488120324402	ENSMUST00000046792.8	0.0013023292628192	-5.596761780896391	7.788674365669897e-9
Arhgap30	ENSMUSG00000048865	1.2369189720724916	0	15.09890118247227	6.406128265676891	ENSMUST00000056449.8	0.02535090283828	-1.1712622715578433	5.697305787616373e-9
Vim	ENSMUSG00000026728	1.0212388758590556	1.6695487516079588e-13	6.528213347209165	3.216405563798327	ENSMUST00000141365.2	0.0142168588285806	-1.1675128322408117	2.606990430047568e-9
Vim	ENSMUSG00000026728	1.2836544518061022	1.6695487516079588e-13	134.9283070500844	55.42230413278943	ENSMUST00000028062.7	0.0142168588285806	-1.1675128322408117	2.606990430047568e-9
Vim	ENSMUSG00000026728	2.03259229961977	1.6695487516079588e-13	25.620437447131724	6.2620321000240935	ENSMUST00000148248.2	0.0142168588285806	-1.1675128322408117	2.606990430047568e-9
Il1rn	ENSMUSG00000026981	1.759095164544228	2.234426990882801e-14	1.0249420354735206	0.302802108710223	ENSMUST00000114485.8	0.0015642550319983	-4.326083552226263	1.3710933273631537e-4
Il1rn	ENSMUSG00000026981	5.870915212783248	2.234426990882801e-14	3.186391848569817	0.05444745709430219	ENSMUST00000114482.2	0.0015642550319983	-4.326083552226263	1.3710933273631537e-4
Col5a1	ENSMUSG00000026837	-1.1260684299802581	0.0218027195800219	4.186522975578227	9.137635993927347	ENSMUST00000028280.13	1.12446409903965e-8	1.208932013429708	1.3346243712179648e-9
Sptan1	ENSMUSG00000057738	1.389565267578908	0.013059090297849272	4.092760127917321	1.5621238582411436	ENSMUST00000095083.10	0.0368140762152389	-1.4730387855690212	6.741169380583028e-4
Lcn2	ENSMUSG00000026822	5.877302826687459	0	9.749343960830362	0.16585590878531162	ENSMUST00000147219.1	0.0351554925567787	-5.205680585954814	1.1309913940715274e-14
Lcn2	ENSMUSG00000026822	5.29160237143111	0	1183.262049579506	30.209942371293444	ENSMUST00000050785.13	0.0351554925567787	-5.205680585954814	1.1309913940715274e-14
Lcn2	ENSMUSG00000026822	5.196310755337187	0	4.977040800100289	0.1357456110515315	ENSMUST00000144569.1	0.0351554925567787	-5.205680585954814	1.1309913940715274e-14
Lcn2	ENSMUSG00000026822	6.576251717263369	0	3.4115497187367962	0.03575219241450894	ENSMUST00000155830.1	0.0351554925567787	-5.205680585954814	1.1309913940715274e-14
Lcn2	ENSMUSG00000026822	5.599235305655788	0	9.502324985536347	0.1960162605067341	ENSMUST00000136509.1	0.0351554925567787	-5.205680585954814	1.1309913940715274e-14
Gsn	ENSMUSG00000026879	3.2742626380263826	1.3691515879945985e-14	40.05854849340674	4.140415645682641	ENSMUST00000201185.3	1.0018704671358e-4	-3.018916330008766	2.2431614571255013e-11
Gsn	ENSMUSG00000026879	1.4868318164202017	1.3691515879945985e-14	2.157640403772875	0.7698357777016277	ENSMUST00000028239.7	1.0018704671358e-4	-3.018916330008766	2.2431614571255013e-11
Slc43a1	ENSMUSG00000027075	-1.5011433918064392	0	8.946859321691072	25.325603158440988	ENSMUST00000146816.7	3.82641047734575e-5	1.2517988464433296	1.5312534154272504e-9
Slc43a1	ENSMUSG00000027075	-2.7014987828662984	0	2.509584069255726	16.324275503106726	ENSMUST00000028469.13	3.82641047734575e-5	1.2517988464433296	1.5312534154272504e-9
Spi1	ENSMUSG00000002111	3.8502968513808997	0	6.793881218835117	0.47104576668078124	ENSMUST00000131400.1	4.40175981442734e-7	-2.377399288350511	1.2659571483691415e-10
Spi1	ENSMUSG00000002111	2.3777387944674246	0	59.64228183892968	11.475815349920055	ENSMUST00000002180.7	4.40175981442734e-7	-2.377399288350511	1.2659571483691415e-10
Spi1	ENSMUSG00000002111	2.631735727633715	0	2.960217362315408	0.4776306706276074	ENSMUST00000132741.2	4.40175981442734e-7	-2.377399288350511	1.2659571483691415e-10
Hdc	ENSMUSG00000027360	3.0496083221972072	0	31.00504592330796	3.744629022371987	ENSMUST00000028838.4	9.6541665741812e-4	-2.9965906603357113	1.2772230344483077e-11
Il1b	ENSMUSG00000027398	2.870231067478463	0	7.476241867820712	1.0224867696798667	ENSMUST00000028881.13	0.0427136212359542	-2.888043923798788	2.5877495983016724e-6
Lbp	ENSMUSG00000016024	2.19768143351157	0	8.97708323682193	1.956893630433017	ENSMUST00000016168.8	0.00747773318257611	-1.8681488878861066	5.7052354589317634e-5
Gm14326	ENSMUSG00000078862	1.0177247915694874	0.04556016932064882	1.5016204439381158	0.7416422841488665	ENSMUST00000108930.8	0.00126059028027801	-1.1097149474519048	0.014882546409969742
Slc17a9	ENSMUSG00000023393	1.5858998308635075	0.013042869024959639	4.216923980721498	1.4047283674603122	ENSMUST00000094218.3	4.80462465916024e-5	-1.5368899766977748	9.907126320597488e-7
Rgs19	ENSMUSG00000002458	3.8133544810711864	3.599599037108606e-15	4.953576576593242	0.3523585370430913	ENSMUST00000144476.1	0	-1.797162595546451	1.180573718956086e-9
Rgs19	ENSMUSG00000002458	1.488898028608205	3.599599037108606e-15	23.966865467925725	8.539024723296908	ENSMUST00000002532.8	0	-1.797162595546451	1.180573718956086e-9
Rgs19	ENSMUSG00000002458	2.2227508353271577	3.599599037108606e-15	5.271917623621275	1.1294160138374252	ENSMUST00000108769.7	0	-1.797162595546451	1.180573718956086e-9
Rgs19	ENSMUSG00000002458	3.4526795085593895	3.599599037108606e-15	7.12207458581034	0.6504986805848426	ENSMUST00000108776.7	0	-1.797162595546451	1.180573718956086e-9
Rgs19	ENSMUSG00000002458	2.923952410082346	3.599599037108606e-15	1.9113051804291514	0.25184460716270285	ENSMUST00000143510.7	0	-1.797162595546451	1.180573718956086e-9
Tpd52	ENSMUSG00000027506	3.2691714980510342	6.42612982463684e-15	1.5002738988429727	0.15561514859410253	ENSMUST00000091355.11	6.9233356421576e-11	-1.6935442440487485	1.3399485809097472e-8
Tpd52	ENSMUSG00000027506	1.629633828513868	6.42612982463684e-15	12.783434953770486	4.131225503262656	ENSMUST00000091354.11	6.9233356421576e-11	-1.6935442440487485	1.3399485809097472e-8
Tpd52	ENSMUSG00000027506	2.4861938402337587	6.42612982463684e-15	2.946641528731058	0.5259063132963383	ENSMUST00000063496.13	6.9233356421576e-11	-1.6935442440487485	1.3399485809097472e-8
Mgst2	ENSMUSG00000074604	3.0901756892884453	3.599599037108606e-15	33.380564056144884	3.919747543863599	ENSMUST00000099106.9	8.1769258813145e-4	-3.0037199339154625	5.177893778860275e-8
Mgst2	ENSMUSG00000074604	2.464667415155712	3.599599037108606e-15	1.6634259998405674	0.30134546775733273	ENSMUST00000159554.6	8.1769258813145e-4	-3.0037199339154625	5.177893778860275e-8
Mgst2	ENSMUSG00000074604	4.596560403246987	3.599599037108606e-15	2.281662151539741	0.09430805325800848	ENSMUST00000161590.3	8.1769258813145e-4	-3.0037199339154625	5.177893778860275e-8
Mgst2	ENSMUSG00000074604	4.194198786654505	3.599599037108606e-15	1.823085607676807	0.09959268017563858	ENSMUST00000161230.2	8.1769258813145e-4	-3.0037199339154625	5.177893778860275e-8
Adam15	ENSMUSG00000028041	2.2521854045872653	0.014127891959820909	1.834249731333033	0.385019833226047	ENSMUST00000107448.8	0.00215032921766922	-1.942268806265877	1.2613767780278058e-5
Adam15	ENSMUSG00000028041	1.513790109793709	0.014127891959820909	4.753933728592325	1.6647801657646573	ENSMUST00000029676.11	0.00215032921766922	-1.942268806265877	1.2613767780278058e-5
Adam15	ENSMUSG00000028041	1.976745885860808	0.014127891959820909	3.532156997983594	0.8973878671365867	ENSMUST00000148068.7	0.00215032921766922	-1.942268806265877	1.2613767780278058e-5
Adam15	ENSMUSG00000028041	2.8264146103307914	0.014127891959820909	1.0189268609873243	0.14365059639221345	ENSMUST00000144608.1	0.00215032921766922	-1.942268806265877	1.2613767780278058e-5
Zbtb7b	ENSMUSG00000028042	4.451128083639511	3.599599037108606e-15	7.717653535378157	0.3528273236556921	ENSMUST00000107433.7	2.2788575374569897e-11	-1.4509788426323782	9.04527883848128e-8
Zbtb7b	ENSMUSG00000028042	1.469577555726959	3.599599037108606e-15	1.0447165263744642	0.37723461755173077	ENSMUST00000124783.7	2.2788575374569897e-11	-1.4509788426323782	9.04527883848128e-8
S100a6	ENSMUSG00000001025	3.5850430606527657	7.103505487759301e-14	183.45691980639293	15.287222989856884	ENSMUST00000001051.8	0	-3.753849690903567	5.683637274302443e-12
S100a6	ENSMUSG00000001025	9.236364067686536	7.103505487759301e-14	41.080369263999515	0.0681101291030669	ENSMUST00000198128.1	0	-3.753849690903567	5.683637274302443e-12
Cd101	ENSMUSG00000086564	3.541885317402291	7.122644581449932e-4	2.615406332977219	0.22455640621767495	ENSMUST00000147399.8	8.64123846640077e-5	-2.837411644706074	2.438374888890145e-7
Gstm1	ENSMUSG00000058135	1.5574385216972264	0	62.059748578066014	21.08503374302142	ENSMUST00000004140.10	0.00138948754346835	-1.8308487528245863	9.437026469287671e-9
Gstm1	ENSMUSG00000058135	5.132717238975364	0	19.21539306651787	0.5477059066619056	ENSMUST00000198532.1	0.00138948754346835	-1.8308487528245863	9.437026469287671e-9
Gstm1	ENSMUSG00000058135	4.260587259524837	0	1.1227718760979246	0.058576977836076294	ENSMUST00000126593.2	0.00138948754346835	-1.8308487528245863	9.437026469287671e-9
Sort1	ENSMUSG00000068747	1.7278931822391415	0	1.5860129194412471	0.47880540416356765	ENSMUST00000135636.5	3.2223604676777e-4	-2.1779758045108393	1.6066688129153102e-10
Sort1	ENSMUSG00000068747	2.2458617478590095	0	6.521605951214391	1.3749370093521431	ENSMUST00000102632.6	3.2223604676777e-4	-2.1779758045108393	1.6066688129153102e-10
Chd7	ENSMUSG00000041235	1.7198430309330475	0.014159435110573491	1.0857078283326174	0.3296010823029733	ENSMUST00000051558.9	0.0318444081459458	-2.0960605769998715	3.3079931575128907e-6
Atosb	ENSMUSG00000036002	4.16114073540748	0.01675207621465018	2.7796156701493886	0.15536621076069504	ENSMUST00000107956.7	0.0061747822363265	-1.9185590005618238	1.3764642905339924e-6
Reck	ENSMUSG00000028476	2.6178028917103497	0.016037375836609302	1.378393681007041	0.2245619031997301	ENSMUST00000030198.6	0.0111403491759253	-2.8791698550506943	2.547636927146287e-5
Slc6a9	ENSMUSG00000028542	-1.140444429939247	0.028321647654770785	1.5604956531044207	3.440095863672887	ENSMUST00000063857.10	0.0332626510950827	1.3211258739184197	6.57025252620902e-6
Slc6a9	ENSMUSG00000028542	-1.6612019316455877	0.028321647654770785	1.7671290416441097	5.589074190585735	ENSMUST00000030269.13	0.0332626510950827	1.3211258739184197	6.57025252620902e-6
Cd52	ENSMUSG00000000682	2.699311005368336	2.847356299557746e-13	364.39286136421595	56.104317045981944	ENSMUST00000000696.6	0.00549800294330118	-2.5753379981634454	3.6810496752225113e-11
Cd52	ENSMUSG00000000682	4.228448062854142	2.847356299557746e-13	2.0487101631226485	0.10929261564585456	ENSMUST00000137445.1	0.00549800294330118	-2.5753379981634454	3.6810496752225113e-11
Padi4	ENSMUSG00000025330	3.253800734249819	0	23.891309805773986	2.5046574566005506	ENSMUST00000026381.6	0.0131868746376952	-3.34901638348603	2.6184560034508536e-9
Padi4	ENSMUSG00000025330	6.34078301336963	0	2.2609878710331928	0.027895384347788058	ENSMUST00000137516.1	0.0131868746376952	-3.34901638348603	2.6184560034508536e-9
Selplg	ENSMUSG00000048163	1.0019751338594063	3.599599037108606e-15	7.117083369780199	3.553673166673699	ENSMUST00000201931.1	1.4374027209138e-4	-1.2605583393767406	2.5391708402839935e-9
Selplg	ENSMUSG00000048163	1.2964367588947512	3.599599037108606e-15	68.88067508689413	28.043424302906654	ENSMUST00000100874.5	1.4374027209138e-4	-1.2605583393767406	2.5391708402839935e-9
Selplg	ENSMUSG00000048163	3.983037854524809	3.599599037108606e-15	3.5377548200232165	0.2237246633589351	ENSMUST00000201194.3	1.4374027209138e-4	-1.2605583393767406	2.5391708402839935e-9
Selplg	ENSMUSG00000048163	4.005692598842931	3.599599037108606e-15	2.2301379324080672	0.1388347232872182	ENSMUST00000202555.1	1.4374027209138e-4	-1.2605583393767406	2.5391708402839935e-9
Pxn	ENSMUSG00000029528	1.0788223853271772	0	35.13451723157458	16.63321083528828	ENSMUST00000067268.14	3.09772391184021e-7	-1.0538032859574535	6.269966775237073e-9
Pxn	ENSMUSG00000029528	1.037616353884394	0	5.2892975314803	2.5765842691289276	ENSMUST00000086523.6	3.09772391184021e-7	-1.0538032859574535	6.269966775237073e-9
Pxn	ENSMUSG00000029528	1.0060287454326302	0	3.6431136823199624	1.8139607873224568	ENSMUST00000137716.7	3.09772391184021e-7	-1.0538032859574535	6.269966775237073e-9
Pxn	ENSMUSG00000029528	1.4449314339353203	0	1.664906121735061	0.6115360262510546	ENSMUST00000157050.7	3.09772391184021e-7	-1.0538032859574535	6.269966775237073e-9
Pxn	ENSMUSG00000029528	2.532302367949613	0	2.0532879242289623	0.354936679557296	ENSMUST00000138139.1	3.09772391184021e-7	-1.0538032859574535	6.269966775237073e-9
Hvcn1	ENSMUSG00000064267	2.0566402236498065	0	17.378225004031606	4.177293770410571	ENSMUST00000072602.13	0.00245254633672394	-1.5094536948418162	3.3739280408024422e-9
Ncf1	ENSMUSG00000015950	4.0488416889285155	0	1.1450531031898348	0.06918354823089048	ENSMUST00000146354.7	0.0016178136667428	-3.32334189253855	2.9167929422583207e-12
Ncf1	ENSMUSG00000015950	3.364930080827464	0	77.02369218164813	7.47617477071632	ENSMUST00000111275.7	0.0016178136667428	-3.32334189253855	2.9167929422583207e-12
Ncf1	ENSMUSG00000015950	2.5733965990618928	0	1.2852284839021353	0.2159289013117367	ENSMUST00000016094.12	0.0016178136667428	-3.32334189253855	2.9167929422583207e-12
Ncf1	ENSMUSG00000015950	5.290381139040574	0	2.129596146331007	0.05441690544552125	ENSMUST00000144086.1	0.0016178136667428	-3.32334189253855	2.9167929422583207e-12
Ncf1	ENSMUSG00000015950	5.760220748546427	0	1.6392105892166977	0.03024374195749669	ENSMUST00000182626.1	0.0016178136667428	-3.32334189253855	2.9167929422583207e-12
Ncf1	ENSMUSG00000015950	3.2291548302213533	0	1.3107726221993135	0.13978317389030362	ENSMUST00000126934.2	0.0016178136667428	-3.32334189253855	2.9167929422583207e-12
Arpc1b	ENSMUSG00000029622	1.3832365190938163	0	25.39444098874442	9.735157311851928	ENSMUST00000085679.12	0.00453899864293026	-1.5391638751161585	4.022537698201831e-11
Arpc1b	ENSMUSG00000029622	1.6463063750062081	0	119.50508941481772	38.17673648403043	ENSMUST00000196111.4	0.00453899864293026	-1.5391638751161585	4.022537698201831e-11
Arpc1b	ENSMUSG00000029622	1.7434041581039943	0	56.584916318553496	16.899884317509716	ENSMUST00000138900.7	0.00453899864293026	-1.5391638751161585	4.022537698201831e-11
Arpc1b	ENSMUSG00000029622	2.0768902188124483	0	1.2248447416409307	0.2903185516034166	ENSMUST00000128229.1	0.00453899864293026	-1.5391638751161585	4.022537698201831e-11
Arpc1b	ENSMUSG00000029622	1.9217601438311025	0	1.9800511644817445	0.5225994698259904	ENSMUST00000144375.1	0.00453899864293026	-1.5391638751161585	4.022537698201831e-11
Mgam	ENSMUSG00000068587	6.562207329479092	3.599599037108606e-15	1.04306118759162	0.011037953028787868	ENSMUST00000202779.2	0.001344471195403	-4.064102306009239	1.4573342544888383e-8
Zyx	ENSMUSG00000029860	1.5963963489918918	8.976500098789587e-15	35.027714209192354	11.583734946040524	ENSMUST00000203652.2	0.0399904140856666	-1.7109079480013145	7.389364508072003e-11
Zyx	ENSMUSG00000029860	2.297716638538181	8.976500098789587e-15	15.76367060340544	3.2060900889133723	ENSMUST00000070635.12	0.0399904140856666	-1.7109079480013145	7.389364508072003e-11
Zyx	ENSMUSG00000029860	2.6356980230356424	8.976500098789587e-15	1.4842958328011004	0.23883408327932876	ENSMUST00000203290.2	0.0399904140856666	-1.7109079480013145	7.389364508072003e-11
Zyx	ENSMUSG00000029860	2.106349907102376	8.976500098789587e-15	1.8024279451249074	0.4185847565408306	ENSMUST00000164375.3	0.0399904140856666	-1.7109079480013145	7.389364508072003e-11
Zyx	ENSMUSG00000029860	1.848051359959786	8.976500098789587e-15	7.349899584376208	2.0415617148208423	ENSMUST00000203849.1	0.0399904140856666	-1.7109079480013145	7.389364508072003e-11
Gsdme	ENSMUSG00000029821	4.281576025930405	2.017545237304771e-14	4.556509971716067	0.2342877127288231	ENSMUST00000170142.7	0	-2.6157698993857386	5.660617146212469e-7
Skap2	ENSMUSG00000059182	1.3590816517671855	0	6.02189137052458	2.347516066234577	ENSMUST00000204778.2	0.0401101583364013	-1.284157342944039	2.748439496845511e-8
Skap2	ENSMUSG00000059182	2.2843238788820432	0	2.1476732419983278	0.44087776755444186	ENSMUST00000205174.1	0.0401101583364013	-1.284157342944039	2.748439496845511e-8
Skap2	ENSMUSG00000059182	1.3495901206308347	0	17.62724958606165	6.916994743060395	ENSMUST00000078214.7	0.0401101583364013	-1.284157342944039	2.748439496845511e-8
Igkv6-23	ENSMUSG00000095630	-1.0269584122841622	0	333.25087682139196	679.0731937931638	ENSMUST00000103386.2	0.048566949801525	1.1771502404473093	2.2077694235480946e-8
Arhgap25	ENSMUSG00000030047	1.9725162079939034	0	7.360528376022335	1.8755232219561748	ENSMUST00000101197.8	0.00254511988518168	-1.629643732224325	3.858821888827264e-8
Alox5	ENSMUSG00000025701	1.3293526793280277	1.5468852825438448e-13	48.99883794155169	19.498928604569354	ENSMUST00000026795.12	0.0115109693380055	-1.2390018688078026	3.6528423370646173e-10
Alox5	ENSMUSG00000025701	4.43695957397846	1.5468852825438448e-13	1.4923839456685681	0.06890054341066659	ENSMUST00000169625.1	0.0115109693380055	-1.2390018688078026	3.6528423370646173e-10
Clec4e	ENSMUSG00000030142	2.8774776178753467	3.599599037108606e-15	3.6130061146205446	0.4916563149699932	ENSMUST00000032239.10	4.67672818887446e-5	-3.269325967097748	2.3154456926492284e-7
Clec4e	ENSMUSG00000030142	2.763688957899552	3.599599037108606e-15	1.2831659768347123	0.18894245793548828	ENSMUST00000175995.7	4.67672818887446e-5	-3.269325967097748	2.3154456926492284e-7
Clec4e	ENSMUSG00000030142	6.6558366541068255	3.599599037108606e-15	1.0012233328522364	0.009929433758428046	ENSMUST00000176831.7	4.67672818887446e-5	-3.269325967097748	2.3154456926492284e-7
2310001H17Rik	ENSMUSG00000097354	1.0344695210124752	0	2.3972250882140105	1.1703141573404392	ENSMUST00000203780.2	0.0210973164490227	-2.1676055044884692	4.4025230867107e-4
2310001H17Rik	ENSMUSG00000097354	2.6698086506438035	0	1.6487176777044101	0.25909188338469075	ENSMUST00000180379.3	0.0210973164490227	-2.1676055044884692	4.4025230867107e-4
2310001H17Rik	ENSMUSG00000097354	4.3592397611991585	0	5.434235488404034	0.26477472637220756	ENSMUST00000204328.1	0.0210973164490227	-2.1676055044884692	4.4025230867107e-4
Clec12a	ENSMUSG00000053063	2.586869850350261	0	3.903570893199379	0.6497355822547122	ENSMUST00000151671.7	8.3400641059706e-4	-2.528369388591852	1.2778549854671813e-9
Clec12a	ENSMUSG00000053063	2.5589320478294355	0	26.460963330366976	4.4904549907815206	ENSMUST00000065289.5	8.3400641059706e-4	-2.528369388591852	1.2778549854671813e-9
Plbd1	ENSMUSG00000030214	2.822581662215876	0	32.88755696313543	4.648896396570155	ENSMUST00000032336.6	3.2853854832496e-4	-2.842486658000396	3.4958092435030406e-11
Plbd1	ENSMUSG00000030214	5.650411932755241	0	2.6048851902570727	0.05186150396575765	ENSMUST00000133911.1	3.2853854832496e-4	-2.842486658000396	3.4958092435030406e-11
Arhgdib	ENSMUSG00000030220	2.0201182115086254	0	294.7108856955778	72.65742481470514	ENSMUST00000032344.11	1.95701209167825e-6	-1.7227564728372107	5.497633234176143e-13
Arhgdib	ENSMUSG00000030220	2.1385560313375565	0	26.42302498972342	6.000853476248218	ENSMUST00000111891.3	1.95701209167825e-6	-1.7227564728372107	5.497633234176143e-13
Arhgdib	ENSMUSG00000030220	2.6709249075177985	0	3.0305259818092627	0.47587128388684535	ENSMUST00000204934.1	1.95701209167825e-6	-1.7227564728372107	5.497633234176143e-13
Plaur	ENSMUSG00000046223	4.206785652155067	6.42612982463684e-15	24.02190816757154	1.300884789499608	ENSMUST00000002284.10	5.9932862678075e-4	-4.022767270013479	6.718753545780268e-10
Plaur	ENSMUSG00000046223	2.49711683856772	6.42612982463684e-15	1.109389236552561	0.1965064802915031	ENSMUST00000205877.1	5.9932862678075e-4	-4.022767270013479	6.718753545780268e-10
Gys1	ENSMUSG00000003865	1.1405027055722468	0.014272947384087646	7.320165186781522	3.3204378588577157	ENSMUST00000003964.16	0.0024011120483052	-1.05069595042976	3.009123218840047e-7
Prkcb	ENSMUSG00000052889	1.7300217604293382	1.1342468041905894e-14	1.326187860618045	0.39977589589305546	ENSMUST00000064989.11	0.0070245610853312	-2.9184321922451346	7.977404259569466e-8
Prkcb	ENSMUSG00000052889	3.233290614917416	1.1342468041905894e-14	7.633207770538042	0.8116889317637843	ENSMUST00000206495.1	0.0070245610853312	-2.9184321922451346	7.977404259569466e-8
Coro1a	ENSMUSG00000030707	2.318768080533524	0	6.552292123797215	1.3133319398349532	ENSMUST00000106364.7	7.54021985200681e-10	-2.009686027212034	3.459167448169991e-12
Coro1a	ENSMUSG00000030707	2.0464230771871565	0	299.45345853810534	72.4927547289252	ENSMUST00000032949.13	7.54021985200681e-10	-2.009686027212034	3.459167448169991e-12
Coro1a	ENSMUSG00000030707	5.3615180130182925	0	2.8094134744008636	0.06833416890850395	ENSMUST00000133718.7	7.54021985200681e-10	-2.009686027212034	3.459167448169991e-12
Coro1a	ENSMUSG00000030707	2.7688328408266343	0	2.590226479144692	0.3800458553808644	ENSMUST00000123511.7	7.54021985200681e-10	-2.009686027212034	3.459167448169991e-12
Coro1a	ENSMUSG00000030707	3.3393454567774556	0	6.370701735628174	0.6294251967499234	ENSMUST00000140896.1	7.54021985200681e-10	-2.009686027212034	3.459167448169991e-12
Coro1a	ENSMUSG00000030707	2.287319221777374	0	10.958174280770763	2.2448457661931474	ENSMUST00000131415.7	7.54021985200681e-10	-2.009686027212034	3.459167448169991e-12
Coro1a	ENSMUSG00000030707	1.5942607533594333	0	2.674200401534115	0.8856734827583207	ENSMUST00000135087.7	7.54021985200681e-10	-2.009686027212034	3.459167448169991e-12
Coro1a	ENSMUSG00000030707	3.0498733305256875	0	6.939427426659359	0.8379542013111057	ENSMUST00000126193.1	7.54021985200681e-10	-2.009686027212034	3.459167448169991e-12
Itgal	ENSMUSG00000030830	1.4058083456101347	0.014082886078373227	6.379763967084851	2.407765188836696	ENSMUST00000106306.8	8.6808432262671e-7	-1.1452373362563266	6.38549609062328e-10
Itgal	ENSMUSG00000030830	1.5625236821862967	0.014082886078373227	6.1286608943788545	2.074909192463647	ENSMUST00000118405.1	8.6808432262671e-7	-1.1452373362563266	6.38549609062328e-10
Ifitm1	ENSMUSG00000025491	3.364732182166596	0	1.7441863711466294	0.16931973279430798	ENSMUST00000106042.8	0.00446531787272081	-1.1899773489548853	1.0029256792170257e-7
Ifitm1	ENSMUSG00000025491	1.6053304924392093	0	50.20775192258659	16.501299425124646	ENSMUST00000106040.7	0.00446531787272081	-1.1899773489548853	1.0029256792170257e-7
Plekha2	ENSMUSG00000031557	1.9019594128910036	8.976500098789587e-15	2.101970327902463	0.562444594536836	ENSMUST00000064883.13	0.0162236215531269	-1.321538003224913	6.884997060660904e-6
Plekha2	ENSMUSG00000031557	1.0104226281675026	8.976500098789587e-15	5.876852358615848	2.917274265279888	ENSMUST00000128715.7	0.0162236215531269	-1.321538003224913	6.884997060660904e-6
Plekha2	ENSMUSG00000031557	4.092945835699479	8.976500098789587e-15	2.0815711175206286	0.1219808867319291	ENSMUST00000125466.1	0.0162236215531269	-1.321538003224913	6.884997060660904e-6
Adgrg3	ENSMUSG00000060470	1.9115214095837556	8.976500098789587e-15	14.128850928276993	3.7556192923050924	ENSMUST00000051259.9	0.0245800129200412	-1.5765510740467303	1.2833956238132988e-8
Adgrg3	ENSMUSG00000060470	2.522004142349352	8.976500098789587e-15	1.890687971996714	0.3291705440851441	ENSMUST00000211974.1	0.0245800129200412	-1.5765510740467303	1.2833956238132988e-8
Cfap20	ENSMUSG00000031796	-2.9268008261952736	0	0.9788200276104377	7.443165691427334	ENSMUST00000034249.7	7.1176901866727e-4	2.1162786598482137	9.620492861416687e-7
Cfap20	ENSMUSG00000031796	-1.4993631658949698	0	0.5114255885594621	1.4458916209444834	ENSMUST00000212684.1	7.1176901866727e-4	2.1162786598482137	9.620492861416687e-7
Crispld2	ENSMUSG00000031825	5.362560002253282	0	6.525399680517175	0.15860457229581115	ENSMUST00000132583.7	0.0243682249740844	-5.415003024335388	3.5460365402194664e-8
Crispld2	ENSMUSG00000031825	5.678220629071936	0	1.2419731132310008	0.02425478687131113	ENSMUST00000034282.15	0.0243682249740844	-5.415003024335388	3.5460365402194664e-8
Cyba	ENSMUSG00000006519	1.035990885187157	2.453014544502705e-14	4.4738865808528265	2.181828639991523	ENSMUST00000212600.1	0.0180400810917415	-2.0793374650212577	9.002006223194485e-12
Cyba	ENSMUSG00000006519	2.2117892939146393	2.453014544502705e-14	242.47545898323617	52.34230798400834	ENSMUST00000017604.9	0.0180400810917415	-2.0793374650212577	9.002006223194485e-12
Cyba	ENSMUSG00000006519	4.288479634520689	2.453014544502705e-14	1.249755391175931	0.06395345521631514	ENSMUST00000212822.1	0.0180400810917415	-2.0793374650212577	9.002006223194485e-12
Cdkn2d	ENSMUSG00000096472	1.2941439561015244	6.42612982463684e-15	24.479841263996523	9.98234206755312	ENSMUST00000215619.1	0.0105757840990492	-1.2341180937960434	1.989065032715594e-7
Cdkn2d	ENSMUSG00000096472	2.087312554401049	6.42612982463684e-15	1.3152842284169064	0.30951088233015234	ENSMUST00000213407.1	0.0105757840990492	-1.2341180937960434	1.989065032715594e-7
AB124611	ENSMUSG00000057191	2.60058055673482	1.566807289970546e-14	24.16322923751451	3.9838430501681947	ENSMUST00000086361.11	1.4678161603419e-4	-2.557532708862115	1.9539239300988917e-9
AB124611	ENSMUSG00000057191	2.9470206869451645	1.566807289970546e-14	4.638041140628126	0.6014409190554513	ENSMUST00000173769.2	1.4678161603419e-4	-2.557532708862115	1.9539239300988917e-9
Acp5	ENSMUSG00000001348	-1.3020464072579403	0	0.9164199060660262	2.259693511117336	ENSMUST00000069330.13	0.00145017261638297	1.5721603587329298	8.920271638561473e-9
Acp5	ENSMUSG00000001348	-1.6750698178948253	0	6.547504153808731	20.90845982372625	ENSMUST00000165735.8	0.00145017261638297	1.5721603587329298	8.920271638561473e-9
Acp5	ENSMUSG00000001348	-2.691543581726879	0	0.17779629187734042	1.148571542498022	ENSMUST00000217643.1	0.00145017261638297	1.5721603587329298	8.920271638561473e-9
Acp5	ENSMUSG00000001348	-4.276964886085581	0	0.1273716543800655	2.469263920798026	ENSMUST00000216684.1	0.00145017261638297	1.5721603587329298	8.920271638561473e-9
Dmxl2	ENSMUSG00000041268	3.1114198598475853	0	1.0490517195383586	0.12138532712589437	ENSMUST00000118163.7	0.00225296895144842	-3.4860190870856314	3.353572778624883e-7
Dmxl2	ENSMUSG00000041268	6.443348222955962	0	1.0602792338471259	0.012183699191377255	ENSMUST00000154092.1	0.00225296895144842	-3.4860190870856314	3.353572778624883e-7
Pstpip1	ENSMUSG00000032322	2.169038881092685	0	18.467171828420984	4.106337348403786	ENSMUST00000059206.7	1.4294419555308e-4	-2.3268376846239955	8.950754284361657e-10
Pstpip1	ENSMUSG00000032322	6.397951051619069	0	1.0648676772674448	0.012627589852264014	ENSMUST00000138646.7	1.4294419555308e-4	-2.3268376846239955	8.950754284361657e-10
Pstpip1	ENSMUSG00000032322	2.9024003595233556	0	1.740731898324815	0.2328210910225328	ENSMUST00000147360.7	1.4294419555308e-4	-2.3268376846239955	8.950754284361657e-10
Pstpip1	ENSMUSG00000032322	3.7747995542529846	0	1.5030506571350324	0.1098109691193986	ENSMUST00000135103.1	1.4294419555308e-4	-2.3268376846239955	8.950754284361657e-10
Adpgk	ENSMUSG00000025236	1.7665187762691577	0	40.9261060233897	12.028882577327382	ENSMUST00000217570.1	0	-1.6747536886179164	4.250980545891655e-12
Adpgk	ENSMUSG00000025236	1.2949232298664237	0	30.81546943772643	12.559086563257646	ENSMUST00000026266.8	0	-1.6747536886179164	4.250980545891655e-12
Adpgk	ENSMUSG00000025236	2.5834365303636715	0	24.169840832330934	4.032569888505429	ENSMUST00000214361.1	0	-1.6747536886179164	4.250980545891655e-12
Anxa2	ENSMUSG00000032231	2.381287629738316	1.3224247692707376e-13	99.69030450704643	19.134358988934075	ENSMUST00000034756.14	5.49466624052264e-7	-2.3043291029128907	8.39670369909067e-12
Ppm1m	ENSMUSG00000020253	1.0833586809569333	0	28.069490832954735	13.246802940118416	ENSMUST00000140761.8	0.00697305359589994	-1.1358640421329547	2.3003329557560873e-8
Ppm1m	ENSMUSG00000020253	3.72468906287071	0	2.9016013627862542	0.2194798294758875	ENSMUST00000150731.1	0.00697305359589994	-1.1358640421329547	2.3003329557560873e-8
Alas1	ENSMUSG00000032786	1.1433154454478907	0	48.09122600170173	21.77176335686478	ENSMUST00000134053.7	1.56917720766211e-5	-1.0311325074696542	2.541509290409499e-8
Alas1	ENSMUSG00000032786	2.3336390909311935	0	1.127690530164126	0.22371472372629625	ENSMUST00000214249.1	1.56917720766211e-5	-1.0311325074696542	2.541509290409499e-8
Alas1	ENSMUSG00000032786	1.2297024792298397	0	42.98299192455816	18.32817868518364	ENSMUST00000215222.1	1.56917720766211e-5	-1.0311325074696542	2.541509290409499e-8
Pfkfb4	ENSMUSG00000025648	1.3669479188661395	1.8045883421069974e-13	7.161882973912751	2.776737939440027	ENSMUST00000198140.4	0.00765408889679259	-2.0294221382411775	3.1184671805541735e-9
Pfkfb4	ENSMUSG00000025648	9.69670552591886	1.8045883421069974e-13	4.6914409249396964	0.005653365048679194	ENSMUST00000198763.1	0.00765408889679259	-2.0294221382411775	3.1184671805541735e-9
Nradd	ENSMUSG00000032491	1.4316486166854436	0.013127313445478182	2.9262542013961257	1.084783006926672	ENSMUST00000035069.13	0.0100459378068018	-1.3126384090577827	3.366521161382326e-4
Ltf	ENSMUSG00000032496	6.153311411410461	0	3.0940717213430795	0.043470943775256274	ENSMUST00000196777.4	4.68840819896259e-5	-5.527461284873758	3.933024420225307e-14
Ltf	ENSMUSG00000032496	5.228742970341404	0	691.5390344550362	18.44200882613567	ENSMUST00000035077.7	4.68840819896259e-5	-5.527461284873758	3.933024420225307e-14
Ltf	ENSMUSG00000032496	6.601362112601064	0	3.0498252501028413	0.031409928484428876	ENSMUST00000196122.2	4.68840819896259e-5	-5.527461284873758	3.933024420225307e-14
Ltf	ENSMUSG00000032496	6.6217791482763815	0	74.11586955224605	0.7525876027289116	ENSMUST00000198152.1	4.68840819896259e-5	-5.527461284873758	3.933024420225307e-14
Ltf	ENSMUSG00000032496	5.234341961475917	0	1.6842129751778043	0.04474073051534001	ENSMUST00000200459.1	4.68840819896259e-5	-5.527461284873758	3.933024420225307e-14
Ltf	ENSMUSG00000032496	4.709537823032675	0	5.196544402257152	0.19861063139263266	ENSMUST00000197893.1	4.68840819896259e-5	-5.527461284873758	3.933024420225307e-14
Ltf	ENSMUSG00000032496	10.356347125580088	0	161.0979959908472	0.12289069706599076	ENSMUST00000199815.4	4.68840819896259e-5	-5.527461284873758	3.933024420225307e-14
Ltf	ENSMUSG00000032496	8.164886950519229	0	15.557967160305854	0.054209695414254036	ENSMUST00000198233.1	4.68840819896259e-5	-5.527461284873758	3.933024420225307e-14
Ltf	ENSMUSG00000032496	2.8942078666341358	0	2.1155023791513963	0.28455756543907496	ENSMUST00000197575.1	4.68840819896259e-5	-5.527461284873758	3.933024420225307e-14
Vsir	ENSMUSG00000020101	1.8182316709667363	0	23.740824702269688	6.732146051295621	ENSMUST00000020301.13	6.32443117484292e-12	-1.9855179764793007	1.2640977043341366e-9
Vsir	ENSMUSG00000020101	1.6575976237985364	0	4.869815965517173	1.5435686294871285	ENSMUST00000169139.1	6.32443117484292e-12	-1.9855179764793007	1.2640977043341366e-9
Vsir	ENSMUSG00000020101	2.4933721924154466	0	17.11175477110484	3.038888232707639	ENSMUST00000105459.1	6.32443117484292e-12	-1.9855179764793007	1.2640977043341366e-9
Itgb2	ENSMUSG00000000290	2.266263514148209	6.42612982463684e-15	82.05044337352061	17.0556249085653	ENSMUST00000000299.13	6.62013887715642e-6	-2.128199133565168	1.2172876667464264e-12
Itgb2	ENSMUSG00000000290	1.1432121487153029	6.42612982463684e-15	3.0345322389711504	1.3738857139484408	ENSMUST00000130059.7	6.62013887715642e-6	-2.128199133565168	1.2172876667464264e-12
Palm	ENSMUSG00000035863	2.2103693055939493	0	8.862965221911422	1.915100557343948	ENSMUST00000046945.12	0.0218195686364897	-1.503119615411391	1.326644049540086e-8
Palm	ENSMUSG00000035863	1.0897928542720146	0	8.81727479771675	4.142609892754265	ENSMUST00000105379.2	0.0218195686364897	-1.503119615411391	1.326644049540086e-8
Prtn3	ENSMUSG00000057729	1.8848905163506091	0	626.3092016695106	169.58217785982075	ENSMUST00000006679.14	1.85429771586802e-6	-1.548084874155549	9.667919438386404e-12
Prtn3	ENSMUSG00000057729	1.1538153846691352	0	227.8182016981836	102.38948984958658	ENSMUST00000165982.1	1.85429771586802e-6	-1.548084874155549	9.667919438386404e-12
Prtn3	ENSMUSG00000057729	1.250523896294282	0	5.191194012095423	2.1818357681360867	ENSMUST00000164134.1	1.85429771586802e-6	-1.548084874155549	9.667919438386404e-12
Prtn3	ENSMUSG00000057729	2.406393765570509	0	7.081362656069553	1.335734463922107	ENSMUST00000171489.1	1.85429771586802e-6	-1.548084874155549	9.667919438386404e-12
Cnn2	ENSMUSG00000004665	2.4271312260986178	3.048346155997117e-14	66.63580262059496	12.38991510561104	ENSMUST00000004784.10	0.0425311196727605	-2.3444450413939766	4.117975740795484e-12
Myo1g	ENSMUSG00000020437	1.3721184971692557	0	15.750648456523804	6.0848463077434705	ENSMUST00000003459.3	0.00101267006827266	-1.2558664918780105	2.5540497123309083e-8
Sptbn1	ENSMUSG00000020315	1.0657130086028543	0.01607242263598214	4.122474453961936	1.9694564904243677	ENSMUST00000011877.12	0.0381944331507375	-1.0435903818046777	2.0919766372968313e-8
Acap1	ENSMUSG00000001588	2.62810047007941	0.01531148073003694	4.027833151809684	0.6515299718125661	ENSMUST00000108622.7	0.00205343265182209	-1.0180622967226798	4.613931912297461e-8
Acap1	ENSMUSG00000001588	2.75781537514465	0.01531148073003694	1.0256519265418642	0.15164037498400595	ENSMUST00000127238.1	0.00205343265182209	-1.0180622967226798	4.613931912297461e-8
Acap1	ENSMUSG00000001588	2.176786337799334	0.01531148073003694	1.6080012981489498	0.35563820795773965	ENSMUST00000148037.1	0.00205343265182209	-1.0180622967226798	4.613931912297461e-8
Atp2a3	ENSMUSG00000020788	1.1176771799016334	4.3929056506295767e-10	10.160989180200774	4.682541469836484	ENSMUST00000108485.8	2.18482987053863e-10	-1.0914564842069083	2.750457113121374e-10
Atp2a3	ENSMUSG00000020788	1.2412484501176664	4.3929056506295767e-10	13.260934448139306	5.609460738688486	ENSMUST00000021142.7	2.18482987053863e-10	-1.0914564842069083	2.750457113121374e-10
Atp2a3	ENSMUSG00000020788	2.0058316903535025	4.3929056506295767e-10	1.3555560325530913	0.337521909223088	ENSMUST00000135234.1	2.18482987053863e-10	-1.0914564842069083	2.750457113121374e-10
Abr	ENSMUSG00000017631	1.6638139749023504	0.013141703083483345	4.28695147970884	1.352977749661576	ENSMUST00000108407.9	0.00391555058203982	-1.7122601347995379	4.578513943704037e-8
Abr	ENSMUSG00000017631	2.1053017756233774	0.013141703083483345	1.456005545022841	0.33837950014961116	ENSMUST00000065028.13	0.00391555058203982	-1.7122601347995379	4.578513943704037e-8
Mpo	ENSMUSG00000009350	1.1009262773219832	0	466.0638573391701	217.28692442277983	ENSMUST00000121303.7	0	-1.0019931603959922	6.588106864616792e-12
Mpo	ENSMUSG00000009350	1.3443084756419212	0	42.0400628661616	16.557172832426648	ENSMUST00000146650.1	0	-1.0019931603959922	6.588106864616792e-12
Rara	ENSMUSG00000037992	2.7239168674152343	3.599599037108606e-15	3.5794788917859868	0.5418001524985953	ENSMUST00000107473.2	9.31841997309368e-8	-1.4475906808176378	1.1164059335733176e-7
Grn	ENSMUSG00000034708	1.2929567062079803	3.438723102489227e-14	44.56946821359261	18.18941369800768	ENSMUST00000049460.10	9.15074264538755e-6	-1.2544108139877759	1.2210676222797565e-9
Grn	ENSMUSG00000034708	1.4479264462434425	3.438723102489227e-14	1.720770113377544	0.6307446314222875	ENSMUST00000125819.8	9.15074264538755e-6	-1.2544108139877759	1.2210676222797565e-9
Slc16a3	ENSMUSG00000025161	2.11212156147815	0	20.62952660085654	4.771745993787127	ENSMUST00000070653.12	0.00234538906977332	-1.370760817923605	6.132124397495886e-8
Plekhg3	ENSMUSG00000052609	1.290931121636045	0.04090780933314883	1.2342519817394504	0.5044229564776962	ENSMUST00000075249.5	0.00721208691502722	-1.9328213517378443	1.8233742947572049e-7
Sptb	ENSMUSG00000021061	-1.0463887305644866	2.017545237304771e-14	40.34258974958803	83.32170895150117	ENSMUST00000166101.1	0	1.1046906837170773	5.564915287639606e-12
Actn1	ENSMUSG00000015143	3.918862686719498	1.566807289970546e-14	21.53844498305884	1.4240299637996328	ENSMUST00000021554.15	0.00375423543988894	-3.8064000703649974	3.459389889460285e-10
Actn1	ENSMUSG00000015143	6.335805563475657	1.566807289970546e-14	1.1694123548751274	0.014477719448844944	ENSMUST00000219382.1	0.00375423543988894	-3.8064000703649974	3.459389889460285e-10
Rin3	ENSMUSG00000044456	1.908550356245078	8.976500098789587e-15	1.179482163179512	0.3141669328708872	ENSMUST00000101114.10	0.0455162894613524	-2.092849753404673	2.4830347791829842e-9
Rin3	ENSMUSG00000044456	2.474817609847948	8.976500098789587e-15	16.576665805926133	2.981967100148108	ENSMUST00000133820.1	0.0455162894613524	-2.092849753404673	2.4830347791829842e-9
Rin3	ENSMUSG00000044456	4.77116885185857	8.976500098789587e-15	2.0811835515486776	0.07621587607209017	ENSMUST00000137249.7	0.0455162894613524	-2.092849753404673	2.4830347791829842e-9
Rin3	ENSMUSG00000044456	2.3122322688170565	8.976500098789587e-15	8.207129404843512	1.6524944566445223	ENSMUST00000131076.1	0.0455162894613524	-2.092849753404673	2.4830347791829842e-9
Lyst	ENSMUSG00000019726	2.632450098091164	0	4.990266447085356	0.8047802188445247	ENSMUST00000110559.2	4.7952212618578e-4	-2.6780114277576677	9.83212807550446e-9
Ripor2	ENSMUSG00000036006	2.0254848471223883	3.27293719139143e-5	7.223330050924964	1.774213030320039	ENSMUST00000110383.7	0.0101546139907299	-1.4422459511577594	1.2778549854671813e-9
Ripor2	ENSMUSG00000036006	1.4714308312490911	3.27293719139143e-5	7.971521435952625	2.8747256334912805	ENSMUST00000091694.9	0.0101546139907299	-1.4422459511577594	1.2778549854671813e-9
Gcnt2	ENSMUSG00000021360	3.249862173715942	0.0012188321472949902	1.874804767034814	0.19708340323436035	ENSMUST00000069958.14	5.6385122953124304e-9	-2.1589857927844553	2.4728149465419917e-8
Gcnt2	ENSMUSG00000021360	3.5224650090920546	0.0012188321472949902	2.0971646634734933	0.18250085564913696	ENSMUST00000067778.7	5.6385122953124304e-9	-2.1589857927844553	2.4728149465419917e-8
Hk3	ENSMUSG00000025877	1.6392608029079225	0	15.083631572602071	4.842161201567404	ENSMUST00000052949.12	0.00697579802106012	-1.7373079832249427	8.53023095743439e-11
Hk3	ENSMUSG00000025877	1.8554867974600524	0	6.3183237289231995	1.7460018168361142	ENSMUST00000153665.7	0.00697579802106012	-1.7373079832249427	8.53023095743439e-11
Hk3	ENSMUSG00000025877	3.2480304443522154	0	2.4292557282777247	0.2556928859081538	ENSMUST00000132309.7	0.00697579802106012	-1.7373079832249427	8.53023095743439e-11
Hk3	ENSMUSG00000025877	2.2226358896481666	0	1.1561357251784372	0.24770156419279057	ENSMUST00000149644.7	0.00697579802106012	-1.7373079832249427	8.53023095743439e-11
Rgs14	ENSMUSG00000052087	1.8277737728764265	6.42612982463684e-15	10.492818297233597	2.9558161750303045	ENSMUST00000063771.13	0.00105564700339523	-1.6963908921831945	1.6816901358127802e-7
Dok3	ENSMUSG00000035711	3.045835051666948	0	7.436677918566876	0.9005156406121517	ENSMUST00000223944.1	0.0383624253546836	-2.8062592450983073	4.395105736627387e-10
Dok3	ENSMUSG00000035711	2.858959219491903	0	37.42655009571006	5.158783654555023	ENSMUST00000047877.4	0.0383624253546836	-2.8062592450983073	4.395105736627387e-10
Plau	ENSMUSG00000021822	4.073483091888599	0	2.636744661529847	0.15661288068497706	ENSMUST00000022368.3	0.0152724146045222	-3.7326044541311987	5.692126199944873e-7
Msra	ENSMUSG00000054733	1.3471546210827914	0	9.987362680869195	3.925697861414876	ENSMUST00000067927.8	0.0297382245845568	-1.3984568720339636	7.1686712786581924e-9
Msra	ENSMUSG00000054733	1.5890909143025302	0	15.567500797825108	5.174338847806747	ENSMUST00000210428.1	0.0297382245845568	-1.3984568720339636	7.1686712786581924e-9
Retreg1	ENSMUSG00000022270	2.363319472682478	0.001081775648691397	4.082385491275468	0.7933849560421753	ENSMUST00000022881.14	0.0174383801054475	-1.2794666139957762	1.0577176352185522e-4
Dgat1	ENSMUSG00000022555	1.5458470888667606	3.599599037108606e-15	20.989917948723456	7.188932377228709	ENSMUST00000023214.10	0	-2.2808689635899535	2.4830347791829842e-9
Dgat1	ENSMUSG00000022555	4.304653138236537	3.599599037108606e-15	18.820356283679992	0.9523533748853584	ENSMUST00000160294.7	0	-2.2808689635899535	2.4830347791829842e-9
Dgat1	ENSMUSG00000022555	1.2422411219162985	3.599599037108606e-15	1.397989849474073	0.5909519615607762	ENSMUST00000159908.1	0	-2.2808689635899535	2.4830347791829842e-9
Dgat1	ENSMUSG00000022555	3.936308551153148	3.599599037108606e-15	2.9140838431402036	0.19035097116679217	ENSMUST00000162813.1	0	-2.2808689635899535	2.4830347791829842e-9
Dgat1	ENSMUSG00000022555	4.334334872866344	3.599599037108606e-15	1.1684097802719233	0.0579202430516514	ENSMUST00000161499.1	0	-2.2808689635899535	2.4830347791829842e-9
Dgat1	ENSMUSG00000022555	5.55619149934398	3.599599037108606e-15	1.1636764889223452	0.024731585373096457	ENSMUST00000231035.1	0	-2.2808689635899535	2.4830347791829842e-9
Ncf4	ENSMUSG00000071715	3.0794291180832483	8.976500098789587e-15	53.90985180806637	6.377751652287407	ENSMUST00000096357.11	0.00348638414670203	-3.0194073297591872	1.1358790249997347e-10
Ncf4	ENSMUSG00000071715	2.3177269375310834	8.976500098789587e-15	12.338834444040668	2.4749635495989017	ENSMUST00000133618.2	0.00348638414670203	-3.0194073297591872	1.1358790249997347e-10
Ncf4	ENSMUSG00000071715	6.869289663566411	8.976500098789587e-15	1.5572765108297077	0.0133199776258629	ENSMUST00000147303.8	0.00348638414670203	-3.0194073297591872	1.1358790249997347e-10
Ncf4	ENSMUSG00000071715	3.338105808484429	8.976500098789587e-15	2.3018991085635965	0.22762308636034181	ENSMUST00000146147.1	0.00348638414670203	-3.0194073297591872	1.1358790249997347e-10
Ncf4	ENSMUSG00000071715	7.2251843381022844	8.976500098789587e-15	7.192914493711755	0.048073715352677564	ENSMUST00000148646.1	0.00348638414670203	-3.0194073297591872	1.1358790249997347e-10
Cyth4	ENSMUSG00000018008	1.8846915073727828	3.842026792872962e-14	15.503789839370343	4.1984520391381395	ENSMUST00000043069.5	0.016245095898805	-1.8486710798066932	3.6003600461129035e-9
Sun2	ENSMUSG00000042524	1.9691498157404375	0	2.095259488882385	0.5351366007699496	ENSMUST00000162392.7	2.22585022111263e-6	-1.488875889576188	7.864084099216842e-12
Sun2	ENSMUSG00000042524	1.9138785689442854	0	8.764710647062337	2.3259625922182163	ENSMUST00000089311.10	2.22585022111263e-6	-1.488875889576188	7.864084099216842e-12
Sun2	ENSMUSG00000042524	1.8750814327251228	0	18.94802925601611	5.165451534176059	ENSMUST00000100439.9	2.22585022111263e-6	-1.488875889576188	7.864084099216842e-12
Sun2	ENSMUSG00000042524	1.2276249103021868	0	24.214926884398114	10.340254801160077	ENSMUST00000046259.13	2.22585022111263e-6	-1.488875889576188	7.864084099216842e-12
Abcd2	ENSMUSG00000055782	3.1053385913406326	0.0067055933568001954	1.600126033137648	0.18593199462551982	ENSMUST00000069511.7	0.0482302849407519	-3.111040865197065	2.944277006021151e-6
Rogdi	ENSMUSG00000022540	2.4327190368132876	0	15.557930634813856	2.8815783315546626	ENSMUST00000202281.3	0.0379016491462622	-2.6686025126807884	5.494502664812384e-8
Rogdi	ENSMUSG00000022540	5.033768866646101	0	1.4290878732158272	0.04362581103178796	ENSMUST00000201118.3	0.0379016491462622	-2.6686025126807884	5.494502664812384e-8
Rogdi	ENSMUSG00000022540	3.7735748934562525	0	1.2734518411771274	0.0931157813475074	ENSMUST00000201651.3	0.0379016491462622	-2.6686025126807884	5.494502664812384e-8
Litaf	ENSMUSG00000022500	1.4361676864415234	2.234426990882801e-14	23.269768155038715	8.599288190956887	ENSMUST00000023143.13	0.00159862487258136	-1.294555507234569	6.949867602846683e-8
Cebpd	ENSMUSG00000071637	2.5910582934419573	0	17.240154424539767	2.8612439326826844	ENSMUST00000096232.5	9.41197561697321e-7	-2.417783577949856	4.834191222993399e-10
Msrb1	ENSMUSG00000075705	1.7793286082014144	1.1342468041905894e-14	152.57107107567737	44.446842264187154	ENSMUST00000115262.7	6.35092432759191e-7	-1.5399109381691654	8.690201614739704e-11
Msrb1	ENSMUSG00000075705	1.0725809666053707	1.1342468041905894e-14	30.079988385391108	14.302060818048805	ENSMUST00000101800.5	6.35092432759191e-7	-1.5399109381691654	8.690201614739704e-11
Rab44	ENSMUSG00000064147	1.9168362632872749	0	10.030327369276728	2.6563781280223884	ENSMUST00000233717.1	0.0319755320317215	-1.9986459457896788	1.1819344334463116e-8
Rab44	ENSMUSG00000064147	4.659064216032993	0	1.7424842913622136	0.06896850162645134	ENSMUST00000233860.1	0.0319755320317215	-1.9986459457896788	1.1819344334463116e-8
Rab44	ENSMUSG00000064147	1.4347443362190706	0	1.6658079815350848	0.616203069463249	ENSMUST00000087942.5	0.0319755320317215	-1.9986459457896788	1.1819344334463116e-8
Rab44	ENSMUSG00000064147	2.8778947670290487	0	1.9854023616615588	0.27009458972326833	ENSMUST00000233567.1	0.0319755320317215	-1.9986459457896788	1.1819344334463116e-8
Rgl2	ENSMUSG00000041354	1.1843208206215357	0.016513510103621804	8.205153857519829	3.6105273367988397	ENSMUST00000047503.15	0.0381846625794157	-1.1133933636162232	4.543041106592583e-6
Rgl2	ENSMUSG00000041354	1.5212309568039681	0.016513510103621804	1.0667785492574118	0.37165341350478043	ENSMUST00000173153.7	0.0381846625794157	-1.1133933636162232	4.543041106592583e-6
Rgl2	ENSMUSG00000041354	1.1860913667590494	0.016513510103621804	3.599402221774634	1.5819082878953414	ENSMUST00000174442.1	0.0381846625794157	-1.1133933636162232	4.543041106592583e-6
H2-Q9	ENSMUSG00000060550	-1.870142509840082	0	9.371032521425441	34.25756076159376	ENSMUST00000116598.9	2.32402216514298e-5	1.3670358633951851	4.418429119729058e-10
H2-Q7	ENSMUSG00000060550	-1.870142509840082	0	9.371032521425441	34.25756076159376	ENSMUST00000116598.9	2.32402216514298e-5	1.3670358633951851	4.418429119729058e-10
H2-Q9	ENSMUSG00000060550	-2.1414679381217363	0	3.4314192146756355	15.139790408914996	ENSMUST00000078205.13	2.32402216514298e-5	1.3670358633951851	4.418429119729058e-10
H2-Q7	ENSMUSG00000060550	-2.1414679381217363	0	3.4314192146756355	15.139790408914996	ENSMUST00000078205.13	2.32402216514298e-5	1.3670358633951851	4.418429119729058e-10
Ppp1r18	ENSMUSG00000034595	3.747092554730644	1.2810001652694434e-13	1.0993556637174067	0.08187493395481048	ENSMUST00000122899.7	5.480932442578e-4	-2.412331875280338	8.690201614739704e-11
Ppp1r18	ENSMUSG00000034595	1.9604575424410664	1.2810001652694434e-13	3.567062217180945	0.9165457731837774	ENSMUST00000187690.6	5.480932442578e-4	-2.412331875280338	8.690201614739704e-11
Ppp1r18	ENSMUSG00000034595	2.608777773377623	1.2810001652694434e-13	39.81904728819521	6.527855059799594	ENSMUST00000190496.1	5.480932442578e-4	-2.412331875280338	8.690201614739704e-11
C3	ENSMUSG00000024164	4.639831280604084	3.599599037108606e-15	39.30131814457401	1.5764446476283278	ENSMUST00000024988.14	0.00733644989702613	-4.633260050351158	1.7010435855795092e-9
Xdh	ENSMUSG00000024066	2.0773221128623485	0	3.597877541979717	0.852530864556639	ENSMUST00000233392.1	0.00353227894132248	-3.1443931640622274	1.5481123158121383e-10
Xdh	ENSMUSG00000024066	3.369697696522151	0	9.297833853449962	0.8995010991477316	ENSMUST00000024866.5	0.00353227894132248	-3.1443931640622274	1.5481123158121383e-10
Xdh	ENSMUSG00000024066	4.839620448024538	0	1.3351116967665633	0.04662798823754105	ENSMUST00000233162.1	0.00353227894132248	-3.1443931640622274	1.5481123158121383e-10
Xdh	ENSMUSG00000024066	5.137219264064893	0	2.1952861944699507	0.06237837450753128	ENSMUST00000233807.1	0.00353227894132248	-3.1443931640622274	1.5481123158121383e-10
Mocos	ENSMUSG00000039616	3.004590014603466	1.1342468041905894e-14	4.248599606225434	0.5293879912522532	ENSMUST00000068006.8	0.015102400933079	-2.969704086466539	8.287908644513108e-8
Tnfaip8	ENSMUSG00000062210	1.2144945130393308	0	5.3335383233161915	2.298349877621168	ENSMUST00000148989.2	0.0153491952546266	-1.010869270183247	1.0029256792170257e-7
Tnfaip8	ENSMUSG00000062210	1.4204294523453305	0	14.321279231462794	5.350445450787279	ENSMUST00000148159.2	0.0153491952546266	-1.010869270183247	1.0029256792170257e-7
Ndst1	ENSMUSG00000054008	1.5012750867257492	0.013089931506581548	3.659048533388629	1.2925261463149238	ENSMUST00000235795.1	0.00181458898585769	-1.2739621382271222	1.4915020223116556e-8
Ndst1	ENSMUSG00000054008	1.3917007741915544	0.013089931506581548	2.835380015845151	1.0806065509894272	ENSMUST00000169273.1	0.00181458898585769	-1.2739621382271222	1.4915020223116556e-8
Zfp516	ENSMUSG00000058881	3.9215289557228683	0.013054270235128071	1.73199463146666	0.11430064917534881	ENSMUST00000171238.7	0.0407405053983024	-2.7405022565661232	1.4915020223116556e-8
Unc93b1	ENSMUSG00000036908	1.7220920644973028	4.712662551864533e-14	33.62200587584043	10.191127921853786	ENSMUST00000162708.6	0.00352928194431371	-1.645550337366287	5.388222738544662e-10
Unc93b1	ENSMUSG00000036908	2.225968632635194	4.712662551864533e-14	4.725549936083484	1.0101108335656601	ENSMUST00000161415.1	0.00352928194431371	-1.645550337366287	5.388222738544662e-10
Rasgrp2	ENSMUSG00000032946	1.5116759543100386	0	7.898919211141932	2.770179212465253	ENSMUST00000146601.7	0.00446872047152258	-1.3305816184561832	1.8962775336654199e-6
Rasgrp2	ENSMUSG00000032946	2.031028183798042	0	3.2657748190700793	0.7990718486240802	ENSMUST00000123661.7	0.00446872047152258	-1.3305816184561832	1.8962775336654199e-6
Rasgrp2	ENSMUSG00000032946	1.4713355854131063	0	16.343337111898947	5.894196280494363	ENSMUST00000167240.7	0.00446872047152258	-1.3305816184561832	1.8962775336654199e-6
Rasgrp2	ENSMUSG00000032946	2.475301195285448	0	2.015167807910499	0.3623859143495326	ENSMUST00000148906.7	0.00446872047152258	-1.3305816184561832	1.8962775336654199e-6
Rasgrp2	ENSMUSG00000032946	2.2965357264728197	0	5.384024154264644	1.0959250649334082	ENSMUST00000149205.1	0.00446872047152258	-1.3305816184561832	1.8962775336654199e-6
Prdx5	ENSMUSG00000024953	1.6645905761484348	1.4048999402168802e-13	1.1405415394496912	0.3597654166211251	ENSMUST00000238095.1	0	-1.9171271844242694	2.91767466816104e-12
Prdx5	ENSMUSG00000024953	1.5105699618018775	1.4048999402168802e-13	191.74880273657524	67.29856313601813	ENSMUST00000025904.11	0	-1.9171271844242694	2.91767466816104e-12
Prdx5	ENSMUSG00000024953	5.642324026630334	1.4048999402168802e-13	86.66592299097154	1.7351602470966234	ENSMUST00000149261.7	0	-1.9171271844242694	2.91767466816104e-12
Tsc22d3	ENSMUSG00000031431	1.5663151360640806	8.976500098789587e-15	11.549137617306855	3.899794457652825	ENSMUST00000055738.11	2.835012962256e-4	-1.2470546959861806	3.9405121267870216e-8
Ap1s2	ENSMUSG00000031367	2.6865540411660924	3.599599037108606e-15	4.338414128111619	0.6739034106428083	ENSMUST00000033734.13	4.75834022091952e-5	-1.9829611548032373	2.716083261318527e-7
Ap1s2	ENSMUSG00000031367	1.5124569337105953	3.599599037108606e-15	1.575026747747973	0.5520685782346653	ENSMUST00000112294.8	4.75834022091952e-5	-1.9829611548032373	2.716083261318527e-7
